Date,Product,Region,Customer_Type,Quantity,Price,Discount,Revenue
2024-12-01,Pizza,South,New,20,41.27,0.08,759.37
2024-03-05,Sushi,North,New,27,9.38,0.09,230.47
2024-01-23,Sushi,South,New,29,6.52,0.1,170.17
2024-12-14,Burgers,West,New,24,61.31,0.23,1133.01
2024-08-09,Pizza,South,Regular,16,67.51,0.15,918.14
2024-07-30,Sushi,West,Regular,23,29.33,0.06,634.11
2024-12-21,Pizza,North,New,29,9.33,0.26,200.22
2024-02-05,Burgers,West,New,8,24.36,0.29,138.36
2024-01-16,Burgers,South,New,25,38.61,0.28,694.98
2024-04-04,Burgers,North,Regular,6,82.17,0.02,483.16
2024-12-21,Sushi,East,Regular,29,62.38,0.08,1664.3
2024-08-25,Burgers,East,Regular,21,65.8,0.26,1022.53
2024-06-24,Salads,South,Regular,18,93.68,0.23,1298.4
2024-07-21,Sushi,East,Regular,3,5.17,0.16,13.03
2024-02-26,Salads,East,New,20,41.36,0.28,595.58
2024-06-25,Pizza,East,New,11,32.6,0.24,272.54
2024-07-19,Sushi,West,New,27,42.8,0.01,1144.04
2024-06-04,Pizza,South,New,13,61.95,0.03,781.19
2024-01-25,Salads,South,Regular,9,69.69,0.16,526.86
2024-12-01,Burgers,North,Regular,7,66.42,0.08,427.74
2024-07-13,Burgers,West,New,28,89.84,0.08,2314.28
2024-04-12,Burgers,East,New,6,57.74,0.21,273.69
2024-07-31,Salads,East,Regular,30,25.83,0.3,542.43
2024-05-20,Pizza,North,Regular,25,84.38,0.07,1961.83
2024-11-05,Salads,South,Regular,10,38.88,0.17,322.7
2024-01-02,Pizza,West,Regular,22,14.08,0.03,300.47
2024-04-23,Sushi,East,Regular,19,43.3,0.08,756.88
2024-03-18,Sushi,West,New,25,15.29,0.27,279.04
2024-09-11,Burgers,South,New,12,71.5,0.22,669.24
2024-10-19,Sushi,North,New,1,77.4,0.02,75.85
2024-07-24,Salads,East,New,14,68.85,0.19,780.76
2024-03-31,Burgers,West,Regular,4,15.59,0.05,59.24
2024-10-15,Sushi,East,New,22,31.12,0.24,520.33
2024-01-23,Sushi,South,Regular,20,60.09,0.15,1021.53
2024-01-31,Burgers,West,Regular,18,11.0,0.2,158.4
2024-03-07,Sushi,East,Regular,21,29.66,0.16,523.2
2024-08-23,Salads,South,New,27,36.23,0.27,714.09
2024-09-01,Burgers,North,New,6,94.75,0.23,437.74
2024-11-26,Burgers,East,New,25,55.62,0.1,1251.45
2024-10-12,Sushi,East,Regular,7,39.35,0.14,236.89
2024-08-03,Sushi,East,New,23,56.87,0.07,1216.45
2024-06-16,Salads,North,Regular,19,73.77,0.01,1387.61
2024-05-09,Pizza,East,New,8,82.16,0.23,506.11
2024-06-22,Pizza,North,New,1,12.75,0.2,10.2
2024-10-15,Burgers,South,New,7,51.93,0.17,301.71
2024-06-13,Burgers,West,Regular,26,80.19,0.12,1834.75
2024-02-20,Pizza,South,New,20,10.72,0.02,210.11
2024-09-01,Pizza,East,Regular,4,9.02,0.12,31.75
2024-10-25,Salads,North,Regular,2,5.04,0.19,8.16
2024-12-03,Sushi,North,Regular,20,48.3,0.27,705.18
2024-06-14,Pizza,South,Regular,16,7.13,0.14,98.11
2024-11-28,Salads,South,New,30,59.52,0.2,1428.48
2024-04-15,Salads,West,Regular,24,64.36,0.01,1529.19
2024-04-04,Pizza,South,Regular,24,92.87,0.27,1627.08
2024-09-06,Burgers,East,New,5,20.65,0.13,89.83
2024-01-31,Pizza,North,Regular,10,19.48,0.28,140.26
2024-12-23,Burgers,West,Regular,4,10.22,0.29,29.02
2024-01-15,Burgers,South,Regular,16,36.83,0.16,495.0
2024-10-09,Salads,East,Regular,2,10.85,0.16,18.23
2024-04-24,Burgers,South,Regular,23,50.06,0.11,1024.73
2024-06-11,Burgers,West,New,27,96.17,0.02,2544.66
2024-10-06,Sushi,North,New,11,67.33,0.15,629.54
2024-08-01,Salads,North,New,17,12.04,0.15,173.98
2024-04-03,Burgers,West,New,25,16.3,0.15,346.38
2024-09-28,Pizza,West,New,16,28.25,0.01,447.48
2024-10-03,Sushi,West,New,8,14.29,0.29,81.17
2024-08-05,Sushi,West,New,30,49.76,0.16,1253.95
2024-05-24,Burgers,East,New,22,20.87,0.0,459.14
2024-02-09,Salads,North,Regular,11,15.5,0.11,151.74
2024-07-10,Salads,West,Regular,13,98.13,0.04,1224.66
2024-07-27,Burgers,North,New,22,78.54,0.22,1347.75
2024-04-13,Sushi,South,Regular,15,12.52,0.25,140.85
2024-07-20,Burgers,West,New,23,12.27,0.22,220.12
2024-09-17,Pizza,South,Regular,8,97.11,0.13,675.89
2024-08-24,Burgers,North,Regular,13,42.23,0.08,505.07
2024-03-07,Salads,North,New,3,61.81,0.19,150.2
2024-08-29,Sushi,West,New,25,21.24,0.0,531.0
2024-06-27,Burgers,South,New,19,12.24,0.03,225.58
2024-11-15,Sushi,East,New,2,75.83,0.23,116.78
2024-09-01,Salads,North,Regular,19,11.7,0.05,211.18
2024-07-19,Burgers,West,New,8,30.66,0.23,188.87
2024-08-20,Burgers,North,New,7,7.28,0.07,47.39
2024-08-22,Sushi,North,New,8,95.35,0.03,739.92
2024-03-15,Sushi,East,New,2,5.31,0.05,10.09
2024-05-19,Pizza,West,New,22,64.72,0.1,1281.46
2024-11-26,Sushi,North,New,21,93.01,0.1,1757.89
2024-05-26,Burgers,South,New,25,89.94,0.09,2046.14
2024-04-12,Burgers,West,Regular,22,73.21,0.19,1304.6
2024-04-10,Sushi,East,New,16,61.5,0.28,708.48
2024-09-20,Burgers,South,Regular,3,21.97,0.0,65.91
2024-03-01,Sushi,East,New,25,81.57,0.11,1814.93
2024-12-27,Pizza,East,New,28,8.34,0.29,165.8
2024-02-12,Sushi,East,Regular,28,32.36,0.08,833.59
2024-08-16,Burgers,East,Regular,30,80.22,0.05,2286.27
2024-06-13,Sushi,West,Regular,10,19.28,0.27,140.74
2024-07-20,Pizza,West,Regular,20,91.34,0.06,1717.19
2024-02-29,Burgers,East,Regular,9,11.66,0.29,74.51
2024-11-12,Sushi,East,New,30,85.92,0.2,2062.08
2024-07-24,Pizza,North,New,4,46.52,0.21,147.0
2024-08-29,Burgers,East,New,15,91.28,0.29,972.13
2024-04-12,Burgers,West,New,25,71.68,0.15,1523.2
2024-10-07,Pizza,South,Regular,10,93.53,0.03,907.24
2024-10-13,Burgers,North,New,2,22.14,0.29,31.44
2024-11-12,Sushi,West,New,15,28.87,0.23,333.45
2024-06-07,Sushi,West,Regular,5,54.91,0.12,241.6
2024-07-07,Pizza,South,New,27,95.9,0.0,2589.3
2024-10-17,Salads,East,New,16,72.89,0.13,1014.63
2024-05-05,Pizza,North,New,8,50.09,0.29,284.51
2024-06-11,Salads,North,New,3,79.43,0.29,169.19
2024-05-26,Salads,East,New,27,36.18,0.15,830.33
2024-11-13,Salads,East,New,23,50.36,0.28,833.96
2024-04-22,Burgers,East,Regular,5,86.55,0.24,328.89
2024-12-09,Salads,North,Regular,15,99.86,0.1,1348.11
2024-09-24,Pizza,West,New,14,95.21,0.05,1266.29
2024-06-23,Pizza,West,Regular,4,48.93,0.18,160.49
2024-01-12,Sushi,West,Regular,11,97.07,0.15,907.6
2024-02-14,Sushi,South,New,19,48.24,0.16,769.91
2024-03-27,Sushi,East,New,3,99.61,0.28,215.16
2024-12-01,Pizza,North,Regular,18,72.86,0.09,1193.45
2024-04-29,Sushi,North,New,27,27.98,0.13,657.25
2024-08-09,Burgers,North,Regular,2,11.38,0.06,21.39
2024-11-08,Salads,West,Regular,28,30.84,0.02,846.25
2024-07-26,Salads,East,New,24,74.75,0.06,1686.36
2024-04-12,Sushi,West,Regular,4,86.62,0.04,332.62
2024-12-14,Pizza,North,New,3,62.37,0.07,174.01
2024-09-14,Sushi,North,New,26,29.43,0.14,658.05
2024-02-07,Salads,South,Regular,6,44.41,0.29,189.19
2024-06-15,Salads,South,New,16,14.1,0.26,166.94
2024-02-15,Burgers,South,New,7,8.15,0.13,49.63
2024-07-08,Pizza,South,New,20,39.24,0.23,604.3
2024-06-12,Salads,South,Regular,22,92.85,0.06,1920.14
2024-01-15,Salads,West,New,23,20.88,0.05,456.23
2024-08-26,Burgers,North,New,28,7.8,0.3,152.88
2024-06-01,Salads,East,New,18,88.5,0.12,1401.84
2024-04-07,Burgers,South,New,17,94.56,0.03,1559.29
2024-08-28,Sushi,East,New,2,57.85,0.03,112.23
2024-04-22,Burgers,South,New,23,88.26,0.09,1847.28
2024-04-14,Sushi,West,Regular,23,78.14,0.15,1527.64
2024-06-15,Salads,North,New,25,73.7,0.01,1824.08
2024-10-21,Salads,North,Regular,29,86.53,0.17,2082.78
2024-12-01,Sushi,West,Regular,19,11.47,0.08,200.5
2024-10-21,Pizza,North,New,29,98.14,0.19,2305.31
2024-02-17,Pizza,West,New,22,47.93,0.02,1033.37
2024-11-07,Burgers,West,New,16,52.4,0.16,704.26
2024-04-07,Salads,South,New,6,15.28,0.05,87.1
2024-07-12,Sushi,West,New,23,70.79,0.18,1335.1
2024-09-16,Salads,North,Regular,8,93.54,0.11,666.0
2024-12-18,Sushi,West,New,29,42.0,0.18,998.76
2024-09-05,Pizza,West,New,5,83.83,0.17,347.89
2024-10-05,Burgers,South,New,6,62.37,0.05,355.51
2024-03-13,Pizza,South,New,26,13.87,0.24,274.07
2024-01-28,Pizza,South,New,1,63.04,0.17,52.32
2024-08-26,Pizza,West,Regular,19,63.89,0.18,995.41
2024-05-27,Burgers,East,Regular,24,48.87,0.22,914.85
2024-03-18,Salads,North,New,20,60.56,0.09,1102.19
2024-01-02,Pizza,East,Regular,24,83.86,0.13,1751.0
2024-09-02,Salads,South,New,22,61.65,0.16,1139.29
2024-05-23,Burgers,West,Regular,13,38.66,0.27,366.88
2024-08-23,Burgers,East,Regular,10,94.37,0.14,811.58
2024-07-21,Burgers,North,Regular,3,46.56,0.25,104.76
2024-11-22,Pizza,South,New,5,66.39,0.11,295.44
2024-02-12,Salads,South,Regular,14,46.11,0.19,522.89
2024-05-24,Burgers,South,Regular,6,48.46,0.17,241.33
2024-09-21,Burgers,South,Regular,21,7.13,0.03,145.24
2024-12-03,Pizza,East,Regular,19,6.71,0.06,119.84
2024-06-18,Burgers,West,Regular,17,22.9,0.17,323.12
2024-08-05,Sushi,East,Regular,29,59.08,0.24,1302.12
2024-05-24,Salads,East,Regular,23,50.43,0.13,1009.1
2024-01-28,Pizza,West,Regular,7,89.93,0.1,566.56
2024-06-14,Sushi,South,New,30,5.74,0.09,156.7
2024-02-26,Salads,West,Regular,15,43.18,0.23,498.73
2024-03-03,Pizza,North,Regular,16,31.87,0.01,504.82
2024-04-05,Pizza,East,Regular,30,16.44,0.1,443.88
2024-05-07,Sushi,East,Regular,6,78.92,0.04,454.58
2024-09-19,Sushi,South,Regular,17,23.43,0.14,342.55
2024-03-07,Pizza,West,New,13,14.91,0.11,172.51
2024-04-02,Sushi,West,Regular,14,37.66,0.24,400.7
2024-01-04,Sushi,West,New,4,32.3,0.07,120.16
2024-10-21,Sushi,North,Regular,14,15.21,0.1,191.65
2024-07-10,Salads,North,Regular,29,57.68,0.06,1572.36
2024-09-06,Sushi,East,New,6,12.68,0.14,65.43
2024-02-23,Salads,South,New,4,50.42,0.22,157.31
2024-08-11,Pizza,North,New,26,87.56,0.13,1980.61
2024-04-03,Pizza,South,New,4,75.32,0.28,216.92
2024-02-03,Salads,West,New,7,81.43,0.12,501.61
2024-07-17,Burgers,West,Regular,27,6.43,0.05,164.93
2024-12-15,Pizza,East,New,1,21.75,0.11,19.36
2024-05-20,Burgers,West,New,22,75.15,0.05,1570.64
2024-06-20,Burgers,South,Regular,16,43.27,0.09,630.01
2024-06-16,Salads,West,Regular,5,35.28,0.09,160.52
2024-08-15,Burgers,West,New,21,75.92,0.11,1418.94
2024-09-17,Salads,North,Regular,20,65.84,0.18,1079.78
2024-01-11,Pizza,North,New,29,23.45,0.02,666.45
2024-11-23,Sushi,East,Regular,12,62.03,0.22,580.6
2024-03-01,Salads,East,Regular,18,32.01,0.17,478.23
2024-06-19,Salads,West,New,24,87.48,0.09,1910.56
2024-12-01,Sushi,North,Regular,5,41.47,0.23,159.66
2024-06-03,Pizza,West,Regular,25,14.32,0.19,289.98
2024-01-31,Pizza,West,New,16,28.14,0.2,360.19
2024-04-07,Pizza,South,Regular,29,72.57,0.04,2020.35
2024-01-25,Sushi,West,Regular,5,96.02,0.02,470.5
2024-05-22,Sushi,North,New,17,13.21,0.1,202.11
2024-11-15,Sushi,North,Regular,4,35.68,0.14,122.74
2024-02-28,Sushi,West,New,9,66.3,0.21,471.39
2024-03-02,Salads,West,New,22,29.55,0.17,539.58
2024-02-07,Pizza,North,New,12,14.19,0.25,127.71
2024-12-16,Salads,North,New,4,63.98,0.11,227.77
2024-03-27,Sushi,East,New,16,13.13,0.07,195.37
2024-01-23,Burgers,North,Regular,26,25.18,0.29,464.82
2024-03-27,Sushi,North,Regular,17,84.91,0.07,1342.43
2024-12-16,Salads,East,Regular,10,95.75,0.03,928.78
2024-12-31,Salads,South,New,16,66.09,0.29,750.78
2024-05-01,Sushi,North,New,8,23.1,0.03,179.26
2024-07-20,Pizza,East,New,6,60.75,0.08,335.34
2024-04-07,Salads,East,New,16,88.57,0.06,1332.09
2024-08-26,Sushi,North,New,14,37.7,0.09,480.3
2024-06-26,Burgers,East,Regular,14,84.45,0.26,874.9
2024-02-13,Salads,East,Regular,8,56.26,0.02,441.08
2024-05-07,Sushi,South,Regular,9,54.86,0.01,488.8
2024-09-13,Pizza,South,New,4,90.24,0.16,303.21
2024-08-16,Salads,West,Regular,22,95.33,0.19,1698.78
2024-01-15,Salads,East,Regular,17,67.3,0.24,869.52
2024-09-22,Pizza,East,New,15,12.02,0.2,144.24
2024-02-02,Salads,East,Regular,25,54.01,0.02,1323.24
2024-08-29,Burgers,East,Regular,11,56.3,0.27,452.09
2024-04-18,Pizza,West,Regular,3,73.14,0.17,182.12
2024-07-23,Pizza,East,Regular,10,72.73,0.17,603.66
2024-08-07,Salads,North,New,21,58.74,0.13,1073.18
2024-06-24,Burgers,East,New,18,19.86,0.27,260.96
2024-10-25,Salads,West,Regular,6,37.19,0.09,203.06
2024-03-29,Burgers,East,New,3,19.41,0.02,57.07
2024-12-22,Salads,West,New,13,25.11,0.22,254.62
2024-01-13,Burgers,West,New,16,62.01,0.28,714.36
2024-11-22,Pizza,South,New,7,41.23,0.0,288.61
2024-11-13,Salads,South,New,6,61.14,0.09,333.82
2024-06-20,Sushi,South,Regular,21,23.7,0.17,413.09
2024-04-14,Burgers,East,Regular,11,18.92,0.09,189.39
2024-04-26,Salads,West,New,14,37.86,0.25,397.53
2024-06-06,Pizza,South,New,29,61.24,0.26,1314.21
2024-09-01,Pizza,West,Regular,6,97.94,0.29,417.22
2024-09-30,Sushi,South,New,21,76.97,0.28,1163.79
2024-07-14,Burgers,North,Regular,16,45.05,0.17,598.26
2024-01-21,Salads,West,Regular,21,94.93,0.21,1574.89
2024-04-10,Salads,South,New,17,40.19,0.04,655.9
2024-06-09,Salads,North,Regular,14,21.57,0.28,217.43
2024-10-21,Burgers,East,Regular,6,51.79,0.11,276.56
2024-06-27,Pizza,South,New,11,12.43,0.08,125.79
2024-07-07,Burgers,South,New,23,65.83,0.01,1498.95
2024-03-24,Sushi,West,New,29,18.11,0.27,383.39
2024-10-29,Pizza,West,New,17,51.24,0.29,618.47
2024-02-05,Sushi,South,Regular,17,77.0,0.24,994.84
2024-06-14,Sushi,West,Regular,12,70.92,0.24,646.79
2024-03-22,Sushi,South,New,20,15.11,0.23,232.69
2024-09-21,Burgers,East,Regular,13,10.99,0.28,102.87
2024-01-16,Pizza,East,Regular,8,60.98,0.01,482.96
2024-09-12,Pizza,South,New,6,89.2,0.14,460.27
2024-06-17,Pizza,East,Regular,7,8.57,0.23,46.19
2024-12-07,Burgers,South,Regular,12,15.1,0.12,159.46
2024-10-09,Salads,North,New,7,43.55,0.02,298.75
2024-03-20,Burgers,East,New,8,40.57,0.12,285.61
2024-05-16,Pizza,West,New,2,77.04,0.03,149.46
2024-02-27,Pizza,South,Regular,10,42.4,0.15,360.4
2024-04-25,Sushi,South,Regular,11,95.37,0.18,860.24
2024-07-20,Salads,West,Regular,12,96.72,0.04,1114.21
2024-05-22,Sushi,South,New,18,51.1,0.29,653.06
2024-02-14,Pizza,South,New,1,44.81,0.01,44.36
2024-03-03,Salads,East,New,7,54.65,0.1,344.3
2024-04-11,Sushi,East,New,9,94.02,0.0,846.18
2024-06-05,Salads,East,New,16,23.46,0.11,334.07
2024-01-10,Sushi,West,Regular,17,55.95,0.24,722.87
2024-10-31,Salads,East,New,17,64.46,0.05,1041.03
2024-05-05,Sushi,North,Regular,28,93.11,0.15,2216.02
2024-07-10,Sushi,South,New,22,98.84,0.19,1761.33
2024-08-11,Burgers,West,New,29,36.23,0.26,777.5
2024-05-03,Pizza,South,New,5,22.75,0.3,79.62
2024-10-01,Pizza,East,New,24,88.6,0.21,1679.86
2024-06-12,Sushi,West,Regular,8,96.7,0.3,541.52
2024-08-30,Burgers,South,Regular,19,9.05,0.14,147.88
2024-03-24,Pizza,East,Regular,1,10.46,0.19,8.47
2024-02-03,Burgers,South,Regular,19,53.26,0.05,961.34
2024-01-11,Burgers,West,Regular,14,46.1,0.1,580.86
2024-07-12,Sushi,South,Regular,28,91.6,0.14,2205.73
2024-04-20,Burgers,South,Regular,9,92.97,0.01,828.36
2024-09-02,Salads,East,New,13,76.57,0.26,736.6
2024-09-09,Pizza,West,Regular,3,37.07,0.2,88.97
2024-03-24,Salads,North,New,15,33.77,0.15,430.57
2024-02-20,Burgers,North,New,26,33.22,0.26,639.15
2024-05-06,Pizza,North,New,26,76.03,0.17,1640.73
2024-10-03,Salads,North,Regular,20,39.7,0.29,563.74
2024-08-03,Burgers,North,New,10,47.54,0.03,461.14
2024-07-23,Burgers,East,Regular,17,59.66,0.27,740.38
2024-07-18,Salads,East,New,9,33.4,0.15,255.51
2024-03-30,Sushi,West,Regular,16,14.78,0.24,179.72
2024-08-22,Pizza,East,Regular,24,53.91,0.28,931.56
2024-03-09,Sushi,North,Regular,6,10.4,0.14,53.66
2024-03-23,Pizza,West,New,30,12.25,0.12,323.4
2024-02-15,Salads,West,New,19,93.89,0.07,1659.04
2024-03-03,Sushi,South,Regular,16,12.1,0.08,178.11
2024-04-08,Pizza,West,New,19,62.53,0.2,950.46
2024-02-10,Sushi,North,New,7,73.32,0.14,441.39
2024-08-24,Burgers,North,New,1,60.31,0.02,59.1
2024-11-08,Sushi,West,Regular,17,94.78,0.2,1289.01
2024-10-15,Burgers,West,Regular,30,84.22,0.08,2324.47
2024-04-18,Sushi,South,Regular,5,24.09,0.08,110.81
2024-03-17,Pizza,North,New,2,5.6,0.06,10.53
2024-06-20,Burgers,South,New,16,52.89,0.13,736.23
2024-12-25,Sushi,North,Regular,6,62.0,0.28,267.84
2024-07-31,Salads,East,New,21,28.7,0.24,458.05
2024-02-20,Sushi,South,New,18,51.27,0.0,922.86
2024-06-05,Sushi,North,New,27,95.83,0.1,2328.67
2024-02-14,Pizza,South,Regular,17,97.56,0.04,1592.18
2024-06-13,Sushi,North,Regular,8,89.17,0.17,592.09
2024-10-18,Salads,East,New,7,21.14,0.3,103.59
2024-12-30,Sushi,North,New,22,66.65,0.04,1407.65
2024-03-13,Salads,South,New,14,52.6,0.25,552.3
2024-07-22,Pizza,South,Regular,12,11.54,0.27,101.09
2024-01-08,Salads,West,New,6,26.16,0.17,130.28
2024-03-15,Pizza,South,New,2,84.67,0.12,149.02
2024-03-06,Salads,East,New,16,80.38,0.25,964.56
2024-11-28,Burgers,North,New,29,79.11,0.02,2248.31
2024-09-21,Salads,West,New,8,28.84,0.23,177.65
2024-08-19,Pizza,West,New,14,83.32,0.2,933.18
2024-02-17,Sushi,East,Regular,14,41.7,0.04,560.45
2024-06-29,Pizza,North,New,24,13.34,0.13,278.54
2024-07-05,Salads,North,New,28,13.01,0.2,291.42
2024-08-01,Pizza,South,Regular,29,34.48,0.08,919.93
2024-02-25,Sushi,North,New,8,62.58,0.07,465.6
2024-08-28,Pizza,East,Regular,18,9.36,0.22,131.41
2024-09-01,Pizza,West,Regular,3,39.06,0.12,103.12
2024-05-28,Pizza,West,Regular,15,47.23,0.03,687.2
2024-09-06,Burgers,South,Regular,10,8.74,0.22,68.17
2024-04-14,Salads,East,New,4,93.38,0.26,276.4
2024-02-28,Salads,East,New,13,7.18,0.24,70.94
2024-12-04,Burgers,South,Regular,22,99.39,0.03,2120.98
2024-12-30,Salads,East,New,16,96.39,0.07,1434.28
2024-09-24,Pizza,North,New,20,14.71,0.28,211.82
2024-08-26,Burgers,South,Regular,13,56.78,0.01,730.76
2024-07-11,Burgers,East,New,15,34.29,0.06,483.49
2024-04-20,Burgers,North,New,23,44.99,0.29,734.69
2024-11-16,Salads,North,New,18,22.19,0.02,391.43
2024-03-12,Salads,West,Regular,29,86.12,0.03,2422.56
2024-06-29,Sushi,West,Regular,14,92.84,0.01,1286.76
2024-06-18,Sushi,South,New,13,50.95,0.09,602.74
2024-11-05,Sushi,South,New,17,73.52,0.08,1149.85
2024-01-06,Sushi,East,Regular,18,87.95,0.12,1393.13
2024-10-23,Burgers,East,Regular,6,61.82,0.0,370.92
2024-02-28,Pizza,West,Regular,29,51.86,0.22,1173.07
2024-10-02,Burgers,South,New,7,40.21,0.25,211.1
2024-06-03,Salads,North,New,29,30.4,0.09,802.26
2024-09-27,Sushi,East,Regular,12,29.74,0.09,324.76
2024-05-01,Sushi,North,Regular,30,13.27,0.13,346.35
2024-03-04,Salads,West,Regular,15,32.47,0.09,443.22
2024-12-24,Sushi,East,New,8,72.13,0.26,427.01
2024-09-10,Burgers,North,Regular,10,48.8,0.2,390.4
2024-12-13,Salads,East,New,16,37.89,0.29,430.43
2024-01-13,Pizza,East,New,3,72.63,0.04,209.17
2024-09-08,Sushi,North,Regular,5,9.74,0.26,36.04
2024-04-28,Burgers,West,New,1,56.98,0.18,46.72
2024-04-15,Burgers,West,New,29,6.36,0.25,138.33
2024-07-02,Sushi,West,Regular,9,90.85,0.22,637.77
2024-11-25,Pizza,South,New,26,20.63,0.08,493.47
2024-07-26,Sushi,East,Regular,3,60.16,0.02,176.87
2024-08-06,Salads,North,New,20,69.95,0.27,1021.27
2024-03-03,Pizza,South,Regular,21,9.69,0.06,191.28
2024-03-08,Salads,North,Regular,13,53.33,0.19,561.56
2024-08-06,Salads,East,Regular,13,40.22,0.12,460.12
2024-04-17,Sushi,West,Regular,25,45.37,0.21,896.06
2024-03-15,Burgers,South,New,16,91.82,0.04,1410.36
2024-04-17,Burgers,North,Regular,7,51.17,0.04,343.86
2024-07-20,Burgers,South,New,10,29.76,0.11,264.86
2024-11-12,Pizza,North,New,3,59.02,0.19,143.42
2024-12-11,Sushi,East,Regular,2,40.71,0.24,61.88
2024-07-06,Salads,South,Regular,27,10.33,0.14,239.86
2024-04-13,Sushi,South,Regular,13,87.68,0.28,820.68
2024-04-17,Salads,North,Regular,24,13.53,0.05,308.48
2024-01-02,Salads,South,Regular,5,65.01,0.14,279.54
2024-07-09,Burgers,East,New,13,92.44,0.22,937.34
2024-10-14,Pizza,North,Regular,13,54.55,0.17,588.59
2024-04-07,Burgers,South,Regular,15,41.8,0.22,489.06
2024-03-06,Burgers,West,New,14,21.15,0.23,228.0
2024-01-30,Sushi,East,New,28,90.71,0.17,2108.1
2024-08-19,Pizza,South,Regular,14,84.28,0.18,967.53
2024-03-25,Pizza,South,Regular,25,40.08,0.06,941.88
2024-05-30,Salads,North,New,11,15.27,0.03,162.93
2024-10-18,Salads,South,New,22,27.38,0.09,548.15
2024-06-30,Pizza,East,Regular,26,43.18,0.11,999.19
2024-11-08,Sushi,West,New,10,17.95,0.02,175.91
2024-01-20,Pizza,East,New,8,29.83,0.07,221.94
2024-11-12,Salads,West,New,18,32.09,0.22,450.54
2024-03-01,Sushi,North,Regular,10,47.93,0.12,421.78
2024-12-23,Pizza,North,New,6,38.04,0.02,223.68
2024-04-20,Burgers,East,Regular,25,60.75,0.04,1458.0
2024-02-01,Sushi,East,Regular,3,40.27,0.17,100.27
2024-07-19,Salads,East,Regular,8,57.83,0.22,360.86
2024-04-24,Burgers,West,Regular,30,75.86,0.28,1638.58
2024-09-22,Sushi,West,Regular,28,43.56,0.19,987.94
2024-08-12,Pizza,North,Regular,6,14.27,0.11,76.2
2024-02-07,Salads,South,Regular,4,19.11,0.04,73.38
2024-07-28,Pizza,North,Regular,26,14.87,0.03,375.02
2024-03-24,Pizza,East,New,11,21.99,0.28,174.16
2024-08-14,Sushi,East,New,24,62.14,0.24,1133.43
2024-05-01,Salads,West,Regular,24,74.36,0.14,1534.79
2024-12-07,Salads,East,New,22,9.71,0.16,179.44
2024-03-11,Pizza,East,New,20,20.89,0.17,346.77
2024-08-18,Burgers,East,New,30,97.02,0.08,2677.75
2024-05-02,Salads,South,New,22,26.6,0.09,532.53
2024-01-07,Salads,South,Regular,13,80.34,0.21,825.09
2024-03-28,Pizza,East,Regular,10,61.34,0.24,466.18
2024-08-30,Burgers,North,New,18,32.65,0.07,546.56
2024-03-18,Pizza,South,New,11,27.27,0.08,275.97
2024-10-15,Salads,West,Regular,29,82.79,0.18,1968.75
2024-11-17,Burgers,North,New,20,84.88,0.2,1358.08
2024-10-23,Burgers,South,Regular,15,53.97,0.08,744.79
2024-03-31,Salads,West,Regular,10,6.33,0.02,62.03
2024-04-18,Salads,West,New,23,12.93,0.27,217.09
2024-09-03,Burgers,North,Regular,12,43.96,0.27,385.09
2024-07-20,Burgers,North,New,11,59.28,0.25,489.06
2024-06-07,Pizza,East,New,27,73.44,0.17,1645.79
2024-01-06,Salads,East,New,27,59.91,0.21,1277.88
2024-08-08,Pizza,West,Regular,2,90.29,0.07,167.94
2024-02-13,Burgers,West,New,18,39.31,0.26,523.61
2024-06-13,Salads,North,Regular,12,32.54,0.17,324.1
2024-10-22,Pizza,North,New,22,18.8,0.19,335.02
2024-08-17,Sushi,East,Regular,2,11.0,0.02,21.56
2024-02-21,Burgers,North,Regular,24,95.38,0.13,1991.53
2024-09-02,Salads,West,New,12,18.97,0.07,211.71
2024-08-30,Pizza,South,New,30,50.98,0.01,1514.11
2024-02-22,Pizza,East,Regular,15,9.58,0.28,103.46
2024-09-07,Sushi,East,Regular,21,37.8,0.06,746.17
2024-02-07,Sushi,East,Regular,30,43.33,0.21,1026.92
2024-08-11,Pizza,East,New,29,49.94,0.15,1231.02
2024-10-30,Salads,West,New,21,14.45,0.05,288.28
2024-02-02,Pizza,South,Regular,28,61.38,0.07,1598.34
2024-09-03,Pizza,West,Regular,5,74.15,0.09,337.38
2024-05-24,Pizza,East,Regular,15,79.01,0.26,877.01
2024-07-20,Salads,South,Regular,11,22.21,0.09,222.32
2024-07-14,Pizza,North,New,9,69.13,0.3,435.52
2024-01-14,Pizza,North,New,7,20.32,0.13,123.75
2024-01-17,Sushi,West,Regular,15,28.59,0.28,308.77
2024-11-10,Salads,North,New,6,77.23,0.1,417.04
2024-11-11,Burgers,South,New,1,24.44,0.06,22.97
2024-07-01,Pizza,South,Regular,26,27.6,0.17,595.61
2024-01-18,Sushi,West,New,6,31.92,0.15,162.79
2024-06-28,Salads,East,Regular,9,83.06,0.24,568.13
2024-01-23,Salads,South,Regular,23,11.28,0.16,217.93
2024-07-01,Sushi,North,Regular,26,96.53,0.01,2484.68
2024-10-16,Sushi,North,New,20,13.81,0.19,223.72
2024-04-26,Pizza,West,New,22,84.03,0.16,1552.87
2024-05-18,Sushi,East,Regular,20,47.51,0.11,845.68
2024-11-22,Sushi,South,New,2,39.57,0.05,75.18
2024-10-17,Sushi,West,New,1,19.94,0.08,18.34
2024-04-25,Sushi,West,Regular,29,65.54,0.26,1406.49
2024-03-23,Pizza,North,Regular,14,96.39,0.29,958.12
2024-07-12,Salads,East,Regular,26,34.74,0.21,713.56
2024-12-02,Salads,South,Regular,9,95.44,0.0,858.96
2024-04-10,Pizza,East,New,14,56.42,0.17,655.6
2024-11-04,Salads,East,New,23,96.98,0.16,1873.65
2024-06-06,Pizza,West,Regular,28,75.32,0.19,1708.26
2024-07-13,Salads,East,New,22,56.69,0.21,985.27
2024-10-16,Burgers,West,Regular,13,17.89,0.23,179.08
2024-03-23,Salads,North,Regular,17,40.25,0.09,622.67
2024-03-01,Burgers,West,Regular,16,5.02,0.22,62.65
2024-08-12,Sushi,West,New,1,39.49,0.13,34.36
2024-08-07,Burgers,West,Regular,16,98.65,0.03,1531.05
2024-02-20,Pizza,West,Regular,29,82.17,0.06,2239.95
2024-12-25,Sushi,North,New,24,94.79,0.24,1728.97
2024-08-22,Pizza,South,Regular,7,31.54,0.29,156.75
2024-06-03,Salads,North,Regular,26,86.44,0.23,1730.53
2024-01-31,Salads,South,New,26,60.71,0.27,1152.28
2024-11-09,Burgers,North,New,11,52.17,0.22,447.62
2024-12-24,Sushi,North,New,21,89.29,0.13,1631.33
2024-05-09,Sushi,South,Regular,27,52.04,0.07,1306.72
2024-12-02,Sushi,South,New,24,22.8,0.23,421.34
2024-01-05,Sushi,South,Regular,25,29.25,0.2,585.0
2024-08-24,Salads,North,New,24,59.93,0.05,1366.4
2024-03-31,Burgers,North,New,28,42.96,0.18,986.36
2024-06-06,Salads,South,New,14,6.42,0.05,85.39
2024-08-09,Burgers,East,New,22,29.53,0.0,649.66
2024-01-01,Salads,North,New,16,61.32,0.25,735.84
2024-12-22,Salads,East,Regular,19,55.6,0.1,950.76
2024-09-20,Pizza,West,Regular,29,8.63,0.07,232.75
2024-05-19,Burgers,West,Regular,6,32.87,0.11,175.53
2024-12-11,Pizza,East,Regular,12,6.86,0.13,71.62
2024-02-25,Pizza,West,New,13,85.03,0.27,806.93
2024-04-08,Burgers,West,Regular,29,95.17,0.05,2621.93
2024-10-13,Sushi,West,New,20,29.34,0.02,575.06
2024-07-18,Pizza,North,Regular,15,84.94,0.23,981.06
2024-11-07,Burgers,East,New,1,33.05,0.06,31.07
2024-07-20,Salads,West,Regular,4,86.25,0.07,320.85
2024-04-26,Salads,West,New,24,63.86,0.0,1532.64
2024-04-10,Sushi,North,Regular,11,32.76,0.25,270.27
2024-05-28,Burgers,North,New,7,7.33,0.17,42.59
2024-03-11,Burgers,West,Regular,3,59.14,0.29,125.97
2024-11-19,Pizza,North,Regular,11,37.0,0.23,313.39
2024-02-04,Pizza,East,Regular,17,60.12,0.12,899.4
2024-12-02,Burgers,West,Regular,21,80.5,0.13,1470.74
2024-04-25,Sushi,North,New,7,17.46,0.03,118.55
2024-12-01,Burgers,South,Regular,8,51.35,0.18,336.86
2024-08-17,Pizza,West,Regular,13,80.49,0.26,774.31
2024-12-17,Sushi,North,New,10,29.64,0.24,225.26
2024-05-17,Pizza,North,New,1,20.61,0.19,16.69
2024-06-03,Burgers,West,New,28,24.09,0.11,600.32
2024-08-24,Sushi,East,New,4,33.53,0.07,124.73
2024-04-18,Burgers,East,New,13,53.61,0.18,571.48
2024-07-10,Sushi,South,New,7,71.31,0.29,354.41
2024-07-26,Salads,East,Regular,29,76.1,0.04,2118.62
2024-10-01,Pizza,East,New,23,11.06,0.27,185.7
2024-10-14,Pizza,South,New,12,64.89,0.16,654.09
2024-11-12,Pizza,South,New,5,22.58,0.23,86.93
2024-04-18,Salads,West,New,8,99.66,0.0,797.28
2024-07-27,Sushi,West,Regular,26,60.75,0.26,1168.83
2024-07-12,Salads,East,Regular,12,43.72,0.29,372.49
2024-04-21,Pizza,North,New,19,15.23,0.15,245.96
2024-05-09,Salads,East,Regular,10,67.82,0.01,671.42
2024-12-07,Pizza,East,New,18,84.75,0.08,1403.46
2024-06-02,Salads,East,New,17,84.23,0.28,1030.98
2024-11-14,Sushi,North,Regular,4,45.07,0.01,178.48
2024-03-30,Sushi,West,Regular,13,58.61,0.17,632.4
2024-03-26,Salads,East,New,21,47.45,0.06,936.66
2024-07-30,Pizza,South,New,9,39.16,0.15,299.57
2024-01-16,Pizza,West,Regular,21,52.19,0.17,909.67
2024-10-23,Burgers,East,Regular,15,66.87,0.01,993.02
2024-08-17,Burgers,South,Regular,10,63.17,0.22,492.73
2024-02-26,Sushi,West,Regular,20,26.95,0.0,539.0
2024-08-08,Pizza,South,New,23,9.09,0.1,188.16
2024-03-24,Sushi,South,Regular,28,73.84,0.28,1488.61
2024-09-08,Pizza,South,Regular,24,60.8,0.16,1225.73
2024-05-04,Sushi,West,New,3,65.08,0.27,142.53
2024-04-07,Pizza,South,Regular,17,9.69,0.11,146.61
2024-04-10,Salads,North,Regular,8,84.02,0.2,537.73
2024-11-01,Sushi,West,Regular,16,5.6,0.26,66.3
2024-02-21,Sushi,South,New,30,51.63,0.01,1533.41
2024-06-13,Pizza,South,New,19,28.26,0.08,493.98
2024-05-31,Pizza,North,Regular,3,20.24,0.18,49.79
2024-01-15,Burgers,West,New,15,73.98,0.14,954.34
2024-07-18,Burgers,North,Regular,9,75.29,0.22,528.54
2024-09-17,Salads,South,New,23,16.76,0.04,370.06
2024-12-05,Sushi,North,Regular,2,15.16,0.05,28.8
2024-09-15,Pizza,South,New,26,46.22,0.16,1009.44
2024-05-27,Pizza,West,New,17,8.71,0.12,130.3
2024-09-13,Burgers,East,Regular,15,74.42,0.28,803.74
2024-12-16,Sushi,South,New,10,18.88,0.01,186.91
2024-04-23,Pizza,South,Regular,30,39.27,0.03,1142.76
2024-07-02,Pizza,East,Regular,17,28.57,0.23,373.98
2024-11-24,Salads,South,Regular,27,37.16,0.16,842.79
2024-05-31,Burgers,East,New,8,60.57,0.11,431.26
2024-06-03,Salads,North,Regular,6,73.52,0.08,405.83
2024-06-11,Burgers,East,New,20,72.4,0.07,1346.64
2024-10-12,Burgers,North,Regular,7,7.68,0.27,39.24
2024-07-17,Burgers,South,New,2,54.39,0.27,79.41
2024-09-23,Sushi,South,Regular,12,47.79,0.08,527.6
2024-11-09,Salads,North,Regular,21,51.49,0.29,767.72
2024-06-30,Pizza,North,Regular,17,31.78,0.18,443.01
2024-11-18,Sushi,West,New,13,10.01,0.04,124.92
2024-11-30,Burgers,North,New,8,56.78,0.02,445.16
2024-05-18,Pizza,West,Regular,3,71.81,0.2,172.34
2024-01-07,Salads,South,New,2,7.85,0.22,12.25
2024-12-03,Burgers,North,Regular,23,79.97,0.0,1839.31
2024-04-02,Salads,East,Regular,8,63.32,0.27,369.79
2024-08-13,Pizza,South,Regular,19,67.13,0.16,1071.39
2024-09-13,Burgers,North,Regular,3,51.02,0.21,120.92
2024-01-29,Burgers,East,New,16,5.91,0.15,80.38
2024-07-14,Salads,South,New,13,87.61,0.28,820.03
2024-08-24,Burgers,West,New,29,71.67,0.13,1808.23
2024-05-12,Salads,East,Regular,27,46.83,0.19,1024.17
2024-06-13,Burgers,West,New,15,83.84,0.16,1056.38
2024-02-09,Salads,North,Regular,11,61.96,0.15,579.33
2024-03-02,Sushi,West,New,2,26.02,0.16,43.71
2024-12-05,Salads,West,Regular,12,21.85,0.14,225.49
2024-01-20,Salads,South,Regular,24,6.54,0.13,136.56
2024-08-24,Salads,East,New,6,71.74,0.27,314.22
2024-12-07,Pizza,West,Regular,5,16.47,0.1,74.11
2024-04-27,Salads,East,New,22,82.69,0.05,1728.22
2024-01-13,Salads,East,New,15,16.41,0.11,219.07
2024-05-25,Salads,East,New,15,99.49,0.03,1447.58
2024-04-27,Sushi,East,Regular,12,56.04,0.18,551.43
2024-11-21,Burgers,West,New,17,90.93,0.28,1112.98
2024-08-17,Salads,North,New,30,82.04,0.28,1772.06
2024-01-09,Burgers,South,New,18,41.66,0.04,719.88
2024-12-25,Salads,East,New,15,31.68,0.08,437.18
2024-06-10,Salads,South,Regular,30,11.56,0.08,319.06
2024-07-27,Sushi,East,New,25,80.08,0.18,1641.64
2024-09-26,Burgers,South,Regular,8,10.48,0.1,75.46
2024-04-07,Salads,East,Regular,17,48.48,0.18,675.81
2024-07-17,Salads,South,New,28,28.54,0.19,647.29
2024-06-30,Burgers,East,New,22,26.49,0.25,437.08
2024-10-12,Pizza,West,Regular,8,24.35,0.24,148.05
2024-03-26,Burgers,East,Regular,13,56.51,0.04,705.24
2024-03-30,Burgers,West,Regular,15,8.79,0.11,117.35
2024-11-22,Pizza,East,New,12,11.81,0.26,104.87
2024-09-15,Sushi,North,New,14,54.02,0.06,710.9
2024-10-04,Pizza,South,Regular,5,32.78,0.07,152.43
2024-02-22,Sushi,East,New,23,74.67,0.15,1459.8
2024-08-28,Pizza,East,New,8,22.61,0.01,179.07
2024-05-22,Sushi,West,New,22,45.09,0.03,962.22
2024-07-22,Sushi,South,New,30,11.26,0.03,327.67
2024-10-16,Burgers,North,New,2,42.3,0.08,77.83
2024-03-10,Pizza,North,New,22,68.48,0.26,1114.85
2024-08-16,Salads,South,Regular,20,84.36,0.12,1484.74
2024-07-04,Salads,South,New,12,28.62,0.09,312.53
2024-03-15,Sushi,South,New,7,90.79,0.16,533.85
2024-12-01,Burgers,West,New,11,53.98,0.15,504.71
2024-05-09,Pizza,West,New,1,75.3,0.12,66.26
2024-07-10,Salads,East,New,1,21.88,0.1,19.69
2024-09-09,Pizza,West,New,30,65.39,0.27,1432.04
2024-07-31,Pizza,South,New,4,5.76,0.14,19.81
2024-01-03,Pizza,North,New,11,23.81,0.04,251.43
2024-10-27,Pizza,East,New,22,58.52,0.06,1210.19
2024-07-10,Pizza,North,Regular,10,54.82,0.25,411.15
2024-09-15,Salads,West,New,26,68.33,0.17,1474.56
2024-04-14,Salads,East,New,4,53.11,0.08,195.44
2024-06-29,Pizza,West,New,6,85.33,0.11,455.66
2024-12-21,Burgers,West,Regular,26,79.82,0.16,1743.27
2024-11-17,Burgers,North,Regular,10,17.01,0.19,137.78
2024-08-14,Pizza,West,Regular,22,22.1,0.2,388.96
2024-08-02,Salads,West,New,20,41.12,0.23,633.25
2024-04-05,Salads,South,Regular,6,79.75,0.12,421.08
2024-09-03,Burgers,North,Regular,4,45.86,0.01,181.61
2024-02-08,Burgers,South,New,24,52.13,0.07,1163.54
2024-12-03,Sushi,West,New,27,14.33,0.04,371.43
2024-04-17,Pizza,East,New,2,76.34,0.11,135.89
2024-09-21,Pizza,West,Regular,27,76.68,0.23,1594.18
2024-05-13,Sushi,West,Regular,13,39.78,0.21,408.54
2024-05-05,Pizza,East,New,2,97.33,0.11,173.25
2024-08-14,Salads,South,Regular,12,99.16,0.1,1070.93
2024-12-02,Burgers,North,Regular,16,97.01,0.0,1552.16
2024-07-02,Pizza,East,New,12,86.56,0.16,872.52
2024-11-29,Salads,West,New,17,50.66,0.1,775.1
2024-01-20,Sushi,East,Regular,20,7.59,0.2,121.44
2024-10-13,Salads,West,New,29,85.86,0.15,2116.45
2024-12-20,Pizza,North,New,9,91.7,0.26,610.72
2024-01-29,Salads,South,Regular,23,49.81,0.2,916.5
2024-04-15,Salads,West,Regular,10,71.4,0.24,542.64
2024-05-02,Pizza,West,Regular,7,43.11,0.01,298.75
2024-07-31,Sushi,North,New,17,59.92,0.2,814.91
2024-03-28,Burgers,East,Regular,1,41.47,0.3,29.03
2024-06-18,Sushi,East,Regular,5,37.09,0.11,165.05
2024-04-27,Pizza,South,Regular,29,20.18,0.21,462.32
2024-09-09,Sushi,East,New,18,20.64,0.14,319.51
2024-09-18,Salads,South,New,10,89.35,0.02,875.63
2024-11-10,Salads,South,Regular,11,19.23,0.15,179.8
2024-09-23,Pizza,South,Regular,24,88.87,0.28,1535.67
2024-10-28,Salads,East,Regular,1,99.87,0.29,70.91
2024-06-25,Sushi,North,New,4,69.48,0.03,269.58
2024-09-13,Sushi,South,New,25,14.57,0.11,324.18
2024-09-03,Salads,West,Regular,25,66.02,0.17,1369.92
2024-07-15,Sushi,East,New,9,65.47,0.03,571.55
2024-06-19,Salads,West,New,28,63.2,0.18,1451.07
2024-07-10,Salads,North,New,25,68.54,0.08,1576.42
2024-04-04,Burgers,North,New,1,21.68,0.07,20.16
2024-05-02,Salads,East,New,4,80.0,0.17,265.6
2024-08-04,Burgers,West,New,1,55.04,0.17,45.68
2024-03-28,Pizza,West,Regular,29,83.59,0.27,1769.6
2024-12-30,Sushi,South,New,23,90.19,0.18,1700.98
2024-12-30,Burgers,North,Regular,14,85.8,0.16,1009.01
2024-03-19,Salads,South,New,1,23.77,0.29,16.88
2024-10-23,Sushi,South,Regular,29,43.14,0.25,938.3
2024-11-02,Salads,West,New,26,32.5,0.13,735.15
2024-04-22,Salads,East,Regular,11,47.64,0.11,466.4
2024-01-07,Pizza,North,New,5,66.27,0.08,304.84
2024-09-17,Burgers,West,New,21,92.22,0.08,1781.69
2024-10-29,Sushi,South,Regular,26,53.63,0.22,1087.62
2024-12-01,Pizza,East,New,4,29.14,0.28,83.92
2024-02-17,Sushi,South,Regular,27,66.06,0.07,1658.77
2024-02-14,Burgers,West,Regular,18,55.92,0.16,845.51
2024-07-12,Pizza,North,New,8,79.15,0.06,595.21
2024-02-03,Sushi,East,New,25,88.96,0.06,2090.56
2024-11-13,Salads,South,Regular,10,6.34,0.08,58.33
2024-11-26,Burgers,West,Regular,22,70.44,0.29,1100.27
2024-12-14,Burgers,North,Regular,21,42.66,0.1,806.27
2024-11-12,Burgers,East,New,22,58.98,0.03,1258.63
2024-05-17,Sushi,East,New,9,50.45,0.07,422.27
2024-06-28,Pizza,West,Regular,4,82.01,0.27,239.47
2024-06-29,Salads,South,Regular,16,31.73,0.17,421.37
2024-10-11,Pizza,West,New,1,39.84,0.1,35.86
2024-05-08,Burgers,South,Regular,3,10.1,0.14,26.06
2024-12-22,Sushi,South,Regular,13,92.79,0.19,977.08
2024-12-22,Sushi,West,Regular,8,53.15,0.17,352.92
2024-11-08,Burgers,South,Regular,13,40.41,0.1,472.8
2024-02-29,Sushi,East,Regular,12,60.96,0.25,548.64
2024-01-30,Pizza,East,New,7,24.41,0.19,138.4
2024-01-07,Salads,South,Regular,8,57.8,0.08,425.41
2024-11-20,Salads,North,New,26,97.21,0.25,1895.6
2024-08-04,Salads,West,New,10,79.04,0.05,750.88
2024-09-20,Salads,South,Regular,21,79.7,0.17,1389.17
2024-01-17,Burgers,North,Regular,12,26.91,0.27,235.73
2024-12-14,Salads,West,Regular,2,52.96,0.21,83.68
2024-07-25,Salads,North,Regular,17,41.31,0.08,646.09
2024-09-04,Salads,East,New,3,38.4,0.12,101.38
2024-09-05,Sushi,East,Regular,25,91.61,0.17,1900.91
2024-06-03,Pizza,South,New,1,8.96,0.21,7.08
2024-06-20,Salads,East,New,6,36.24,0.25,163.08
2024-08-07,Pizza,East,New,2,79.25,0.26,117.29
2024-10-13,Salads,North,Regular,4,35.76,0.29,101.56
2024-01-17,Sushi,East,New,13,38.52,0.04,480.73
2024-05-28,Pizza,South,New,16,86.54,0.1,1246.18
2024-03-20,Pizza,East,Regular,14,88.44,0.14,1064.82
2024-11-07,Burgers,North,Regular,27,70.05,0.08,1740.04
2024-08-27,Burgers,East,New,9,59.07,0.1,478.47
2024-10-10,Sushi,East,Regular,7,37.03,0.25,194.41
2024-11-10,Pizza,East,Regular,14,35.41,0.0,495.74
2024-12-21,Sushi,West,New,10,88.44,0.27,645.61
2024-02-16,Burgers,West,New,6,78.25,0.1,422.55
2024-10-24,Burgers,East,Regular,4,6.1,0.22,19.03
2024-02-12,Sushi,South,Regular,4,49.55,0.11,176.4
2024-01-13,Pizza,West,Regular,22,39.7,0.03,847.2
2024-09-23,Pizza,East,Regular,5,13.35,0.2,53.4
2024-06-03,Burgers,East,New,23,88.93,0.0,2045.39
2024-02-25,Salads,West,New,11,68.47,0.06,707.98
2024-08-24,Pizza,South,New,18,21.76,0.16,329.01
2024-09-01,Salads,West,Regular,16,67.69,0.26,801.45
2024-10-31,Salads,East,New,23,72.86,0.23,1290.35
2024-10-02,Salads,North,Regular,29,43.46,0.09,1146.91
2024-09-03,Sushi,North,New,9,38.3,0.03,334.36
2024-04-20,Burgers,North,Regular,24,19.24,0.14,397.11
2024-07-14,Burgers,West,Regular,18,80.51,0.3,1014.43
2024-06-27,Salads,South,New,26,34.79,0.29,642.22
2024-08-04,Sushi,West,New,29,16.81,0.03,472.87
2024-12-23,Sushi,South,New,3,46.3,0.2,111.12
2024-04-21,Burgers,East,New,8,73.5,0.08,540.96
2024-10-20,Pizza,South,New,26,81.32,0.01,2093.18
2024-01-20,Sushi,South,Regular,9,60.55,0.3,381.46
2024-07-20,Sushi,South,Regular,23,38.12,0.13,762.78
2024-08-14,Sushi,South,Regular,3,52.55,0.3,110.35
2024-04-28,Pizza,West,Regular,16,75.83,0.2,970.62
2024-06-23,Burgers,North,Regular,15,67.09,0.27,734.64
2024-12-08,Sushi,West,New,17,49.66,0.17,700.7
2024-03-21,Pizza,North,Regular,24,52.44,0.1,1132.7
2024-06-20,Pizza,South,New,30,47.15,0.22,1103.31
2024-11-17,Burgers,East,New,5,51.66,0.11,229.89
2024-05-04,Pizza,South,Regular,27,41.39,0.05,1061.65
2024-07-20,Pizza,North,New,22,68.24,0.14,1291.1
2024-04-14,Salads,West,New,12,65.4,0.11,698.47
2024-02-21,Salads,West,Regular,16,13.14,0.26,155.58
2024-04-26,Burgers,East,Regular,13,74.71,0.25,728.42
2024-08-26,Pizza,West,New,29,28.15,0.11,726.55
2024-07-29,Burgers,West,Regular,5,87.15,0.1,392.18
2024-08-13,Pizza,East,Regular,14,47.13,0.12,580.64
2024-06-29,Pizza,West,Regular,18,61.87,0.1,1002.29
2024-06-06,Burgers,West,New,21,88.49,0.17,1542.38
2024-11-05,Pizza,South,New,9,94.57,0.02,834.11
2024-09-24,Pizza,North,New,11,73.91,0.14,699.19
2024-04-12,Burgers,East,Regular,24,29.89,0.11,638.45
2024-05-29,Burgers,West,Regular,1,9.36,0.17,7.77
2024-12-15,Pizza,East,Regular,6,79.78,0.12,421.24
2024-11-17,Sushi,West,New,15,93.1,0.18,1145.13
2024-06-30,Salads,East,New,25,65.35,0.12,1437.7
2024-08-30,Burgers,South,Regular,21,9.84,0.16,173.58
2024-04-18,Salads,South,New,17,32.41,0.13,479.34
2024-12-10,Sushi,South,New,21,55.5,0.03,1130.54
2024-03-10,Sushi,South,Regular,25,15.12,0.07,351.54
2024-03-06,Pizza,South,Regular,21,69.96,0.19,1190.02
2024-04-21,Salads,South,Regular,4,77.05,0.04,295.87
2024-06-27,Sushi,West,Regular,20,80.1,0.29,1137.42
2024-06-10,Sushi,East,Regular,5,43.07,0.21,170.13
2024-09-09,Sushi,West,New,10,80.62,0.06,757.83
2024-03-06,Pizza,South,Regular,4,31.67,0.01,125.41
2024-11-20,Pizza,East,Regular,22,77.93,0.29,1217.27
2024-05-09,Pizza,West,Regular,14,24.28,0.02,333.12
2024-07-22,Pizza,North,New,21,22.66,0.25,356.9
2024-02-24,Pizza,East,New,12,9.06,0.23,83.71
2024-03-27,Burgers,North,Regular,29,75.82,0.17,1824.99
2024-12-12,Pizza,East,New,24,26.02,0.12,549.54
2024-05-13,Burgers,West,Regular,15,73.57,0.16,926.98
2024-05-06,Pizza,South,New,7,8.32,0.07,54.16
2024-08-15,Pizza,South,New,10,9.66,0.14,83.08
2024-10-05,Salads,North,New,27,99.53,0.03,2606.69
2024-10-06,Burgers,East,New,10,54.77,0.27,399.82
2024-11-10,Sushi,East,Regular,8,51.48,0.25,308.88
2024-11-09,Salads,West,Regular,28,88.49,0.18,2031.73
2024-12-05,Sushi,West,New,8,78.78,0.28,453.77
2024-03-22,Sushi,East,Regular,25,76.81,0.01,1901.05
2024-12-04,Burgers,East,Regular,24,32.48,0.16,654.8
2024-12-20,Pizza,East,Regular,12,54.02,0.05,615.83
2024-11-15,Sushi,East,Regular,17,42.54,0.13,629.17
2024-08-05,Burgers,South,New,1,67.55,0.22,52.69
2024-05-20,Pizza,South,Regular,24,93.64,0.06,2112.52
2024-07-13,Salads,West,New,21,51.26,0.04,1033.4
2024-04-20,Pizza,North,Regular,29,35.59,0.05,980.5
2024-12-13,Sushi,South,New,20,87.22,0.04,1674.62
2024-02-09,Pizza,West,New,20,81.11,0.2,1297.76
2024-06-05,Burgers,West,Regular,2,11.98,0.07,22.28
2024-01-25,Salads,West,Regular,24,35.98,0.19,699.45
2024-02-22,Salads,North,Regular,11,51.18,0.19,456.01
2024-04-04,Salads,North,Regular,10,62.78,0.17,521.07
2024-04-10,Salads,North,Regular,15,48.33,0.06,681.45
2024-08-28,Burgers,East,New,29,53.67,0.28,1120.63
2024-03-10,Sushi,West,New,19,17.01,0.01,319.96
2024-03-17,Sushi,North,Regular,8,57.17,0.13,397.9
2024-12-22,Burgers,East,Regular,8,70.32,0.1,506.3
2024-07-09,Pizza,South,Regular,11,10.44,0.14,98.76
2024-06-26,Sushi,West,New,30,26.61,0.2,638.64
2024-11-07,Salads,East,Regular,9,91.89,0.07,769.12
2024-12-16,Burgers,North,New,24,41.53,0.13,867.15
2024-02-12,Salads,South,Regular,9,75.0,0.28,486.0
2024-08-16,Pizza,West,Regular,9,54.53,0.08,451.51
2024-02-06,Burgers,North,New,8,31.84,0.23,196.13
2024-05-13,Burgers,South,New,29,39.5,0.12,1008.04
2024-11-14,Sushi,North,New,2,65.01,0.18,106.62
2024-03-03,Salads,North,New,8,39.2,0.04,301.06
2024-04-14,Pizza,East,Regular,10,93.13,0.22,726.41
2024-05-10,Pizza,West,Regular,10,20.22,0.07,188.05
2024-07-14,Burgers,South,Regular,11,52.42,0.11,513.19
2024-06-11,Salads,North,New,17,28.51,0.21,382.89
2024-10-16,Salads,West,New,12,58.22,0.22,544.94
2024-07-02,Burgers,East,Regular,3,78.76,0.29,167.76
2024-01-13,Burgers,North,Regular,13,55.13,0.16,602.02
2024-03-24,Burgers,East,Regular,14,85.41,0.17,992.46
2024-08-01,Salads,East,New,29,64.85,0.28,1354.07
2024-03-16,Salads,North,Regular,10,11.92,0.25,89.4
2024-10-12,Burgers,East,New,14,12.45,0.16,146.41
2024-10-04,Pizza,North,Regular,25,52.64,0.29,934.36
2024-06-24,Burgers,North,Regular,4,13.57,0.01,53.74
2024-08-02,Salads,North,Regular,14,81.08,0.14,976.2
2024-09-21,Sushi,North,New,9,53.11,0.16,401.51
2024-01-16,Burgers,South,New,26,88.4,0.27,1677.83
2024-05-12,Pizza,North,New,30,16.43,0.08,453.47
2024-04-01,Salads,East,Regular,17,67.36,0.24,870.29
2024-03-29,Salads,East,New,13,84.2,0.05,1039.87
2024-08-11,Salads,North,New,2,86.24,0.23,132.81
2024-11-11,Sushi,East,New,14,13.27,0.15,157.91
2024-02-17,Burgers,East,New,26,75.16,0.14,1680.58
2024-10-31,Burgers,West,Regular,10,74.43,0.12,654.98
2024-08-12,Sushi,East,Regular,3,12.68,0.06,35.76
2024-04-24,Sushi,South,Regular,30,16.48,0.25,370.8
2024-12-24,Sushi,South,Regular,10,33.82,0.12,297.62
2024-04-07,Burgers,South,New,4,24.5,0.15,83.3
2024-07-29,Pizza,West,New,3,61.73,0.21,146.3
2024-05-02,Sushi,East,New,28,46.98,0.21,1039.2
2024-04-21,Burgers,West,New,12,42.18,0.16,425.17
2024-08-22,Sushi,North,Regular,2,38.47,0.11,68.48
2024-08-22,Burgers,North,Regular,23,14.21,0.17,271.27
2024-01-16,Sushi,South,New,28,15.65,0.19,354.94
2024-08-27,Pizza,North,Regular,10,9.95,0.22,77.61
2024-07-26,Pizza,South,New,29,77.32,0.26,1659.29
2024-11-20,Pizza,East,New,23,25.27,0.3,406.85
2024-03-07,Burgers,South,New,23,54.39,0.01,1238.46
2024-08-06,Sushi,East,New,2,47.76,0.14,82.15
2024-08-07,Sushi,South,Regular,19,7.56,0.02,140.77
2024-08-09,Sushi,West,New,20,44.34,0.29,629.63
2024-02-18,Burgers,West,New,30,83.67,0.14,2158.69
2024-09-30,Sushi,East,New,12,6.87,0.16,69.25
2024-05-16,Salads,North,Regular,18,30.76,0.01,548.14
2024-01-09,Burgers,North,Regular,26,34.84,0.18,742.79
2024-11-26,Pizza,South,New,5,85.63,0.09,389.62
2024-03-10,Pizza,North,Regular,2,86.18,0.16,144.78
2024-09-24,Salads,North,Regular,1,91.46,0.19,74.08
2024-03-31,Burgers,West,Regular,18,11.58,0.07,193.85
2024-04-04,Salads,South,New,12,66.95,0.25,602.55
2024-05-23,Burgers,North,New,13,79.79,0.02,1016.52
2024-04-08,Salads,North,Regular,13,61.6,0.2,640.64
2024-02-03,Burgers,South,New,1,37.33,0.27,27.25
2024-11-19,Burgers,West,New,26,77.79,0.26,1496.68
2024-07-14,Pizza,North,Regular,15,38.98,0.28,420.98
2024-03-30,Sushi,East,Regular,19,14.31,0.08,250.14
2024-11-03,Pizza,East,Regular,12,91.66,0.27,802.94
2024-01-21,Sushi,North,Regular,20,81.58,0.11,1452.12
2024-11-21,Sushi,East,New,14,81.21,0.23,875.44
2024-08-17,Pizza,West,New,23,50.12,0.07,1072.07
2024-05-29,Burgers,North,New,27,88.21,0.13,2072.05
2024-07-22,Sushi,West,New,23,96.1,0.13,1922.96
2024-03-02,Pizza,West,New,11,26.72,0.13,255.71
2024-05-13,Sushi,East,Regular,23,42.06,0.03,938.36
2024-03-08,Burgers,West,New,3,43.89,0.11,117.19
2024-10-14,Pizza,North,New,9,16.83,0.15,128.75
2024-05-17,Pizza,East,New,14,9.39,0.26,97.28
2024-12-21,Pizza,South,New,11,35.31,0.16,326.26
2024-11-01,Salads,East,Regular,24,47.78,0.04,1100.85
2024-04-23,Salads,North,Regular,10,12.68,0.13,110.32
2024-05-15,Burgers,West,Regular,16,97.55,0.09,1420.33
2024-02-29,Salads,West,New,5,21.22,0.11,94.43
2024-10-18,Salads,East,New,14,32.72,0.02,448.92
2024-12-15,Pizza,North,Regular,24,77.06,0.25,1387.08
2024-03-30,Pizza,East,Regular,12,89.31,0.17,889.53
2024-10-08,Salads,East,New,30,30.31,0.06,854.74
2024-04-06,Pizza,South,Regular,6,41.76,0.01,248.05
2024-06-13,Pizza,West,Regular,9,16.67,0.26,111.02
2024-11-11,Sushi,West,New,21,93.58,0.09,1788.31
2024-03-20,Salads,East,Regular,17,57.6,0.15,832.32
2024-02-15,Pizza,South,New,7,92.24,0.29,458.43
2024-08-14,Burgers,East,New,5,84.6,0.23,325.71
2024-05-16,Burgers,North,Regular,23,21.94,0.28,363.33
2024-06-13,Sushi,West,Regular,29,30.0,0.03,843.9
2024-03-09,Sushi,North,New,10,60.68,0.08,558.26
2024-12-20,Pizza,East,New,16,99.05,0.07,1473.86
2024-10-20,Salads,South,Regular,10,10.21,0.01,101.08
2024-11-14,Salads,North,New,13,62.13,0.14,694.61
2024-10-07,Burgers,North,Regular,17,33.8,0.03,557.36
2024-08-05,Pizza,North,Regular,25,61.52,0.16,1291.92
2024-12-22,Pizza,West,New,30,67.13,0.29,1429.87
2024-07-06,Salads,South,Regular,18,97.61,0.24,1335.3
2024-08-27,Burgers,East,Regular,7,89.66,0.2,502.1
2024-04-29,Pizza,West,New,27,60.41,0.05,1549.52
2024-06-08,Sushi,West,Regular,6,55.98,0.01,332.52
2024-02-20,Pizza,West,New,5,28.75,0.14,123.62
2024-06-27,Pizza,West,Regular,11,8.93,0.21,77.6
2024-08-17,Sushi,South,Regular,15,63.24,0.21,749.39
2024-04-07,Burgers,South,New,17,92.84,0.26,1167.93
2024-05-17,Sushi,South,Regular,14,46.78,0.19,530.49
2024-07-18,Sushi,West,New,23,80.4,0.07,1719.76
2024-09-12,Pizza,East,New,10,24.1,0.2,192.8
2024-02-26,Salads,North,New,11,42.89,0.05,448.2
2024-03-11,Sushi,North,Regular,10,63.16,0.14,543.18
2024-01-06,Sushi,South,Regular,12,43.26,0.25,389.34
2024-11-07,Salads,North,New,13,48.55,0.14,542.79
2024-11-18,Sushi,East,New,13,34.92,0.17,376.79
2024-11-09,Pizza,North,New,29,22.24,0.24,490.17
2024-06-19,Salads,East,Regular,18,16.16,0.18,238.52
2024-12-24,Burgers,West,New,17,33.54,0.17,473.25
2024-08-15,Pizza,North,Regular,11,96.01,0.18,866.01
2024-08-02,Burgers,South,New,20,31.87,0.13,554.54
2024-09-20,Salads,East,New,9,88.49,0.06,748.63
2024-12-27,Salads,South,New,12,97.35,0.07,1086.43
2024-05-18,Pizza,South,Regular,2,80.99,0.22,126.34
2024-03-15,Pizza,East,New,17,79.07,0.19,1088.79
2024-11-28,Burgers,West,New,5,98.62,0.01,488.17
2024-07-08,Burgers,East,Regular,2,24.75,0.21,39.11
2024-11-12,Sushi,East,New,1,62.25,0.23,47.93
2024-07-06,Burgers,South,New,25,70.83,0.02,1735.34
2024-08-25,Pizza,West,Regular,3,81.12,0.15,206.86
2024-06-17,Sushi,North,New,7,23.74,0.04,159.53
2024-12-27,Salads,West,New,25,89.66,0.16,1882.86
2024-04-12,Pizza,East,New,9,28.72,0.05,245.56
2024-09-22,Pizza,North,New,9,53.18,0.07,445.12
2024-11-08,Burgers,West,New,21,26.18,0.07,511.3
2024-10-11,Salads,South,New,26,58.53,0.25,1141.34
2024-10-09,Burgers,East,New,11,45.85,0.04,484.18
2024-12-14,Sushi,North,New,16,89.19,0.23,1098.82
2024-04-17,Sushi,North,Regular,16,32.7,0.19,423.79
2024-04-22,Sushi,South,Regular,26,27.21,0.14,608.42
2024-06-27,Salads,North,Regular,23,24.04,0.18,453.39
2024-09-14,Salads,North,New,17,19.01,0.13,281.16
2024-02-26,Sushi,West,New,23,36.73,0.27,616.7
2024-06-28,Burgers,West,Regular,19,91.04,0.2,1383.81
2024-02-18,Pizza,North,New,3,34.34,0.22,80.36
2024-04-24,Sushi,North,Regular,29,44.57,0.16,1085.73
2024-09-20,Burgers,South,New,1,20.86,0.11,18.57
2024-06-15,Sushi,West,New,15,46.01,0.13,600.43
2024-05-14,Burgers,West,New,27,83.57,0.15,1917.93
2024-03-16,Sushi,South,New,27,88.3,0.21,1883.44
2024-09-25,Pizza,West,Regular,30,43.19,0.22,1010.65
2024-11-09,Salads,East,Regular,19,36.98,0.09,639.38
2024-08-16,Burgers,West,Regular,6,91.4,0.17,455.17
2024-05-04,Sushi,North,New,10,99.44,0.21,785.58
2024-06-25,Sushi,South,New,24,62.52,0.14,1290.41
2024-08-24,Sushi,East,Regular,17,67.57,0.21,907.47
2024-07-29,Salads,West,New,22,27.77,0.02,598.72
2024-06-23,Sushi,South,Regular,10,91.57,0.19,741.72
2024-02-15,Sushi,North,New,30,75.33,0.27,1649.73
2024-01-11,Salads,South,Regular,29,59.45,0.21,1362.0
2024-11-30,Pizza,East,New,19,41.1,0.05,741.85
2024-12-08,Burgers,West,New,25,68.02,0.2,1360.4
2024-11-20,Sushi,West,New,26,14.47,0.01,372.46
2024-07-01,Salads,North,New,14,16.78,0.22,183.24
2024-06-06,Sushi,South,Regular,9,56.97,0.09,466.58
2024-10-01,Burgers,South,Regular,13,60.28,0.08,720.95
2024-12-15,Sushi,North,Regular,21,49.55,0.06,978.12
2024-01-27,Pizza,South,Regular,19,68.9,0.21,1034.19
2024-04-23,Pizza,West,New,24,86.0,0.28,1486.08
2024-11-01,Salads,East,Regular,14,95.69,0.04,1286.07
2024-07-22,Pizza,North,New,18,75.03,0.14,1161.46
2024-01-17,Sushi,East,Regular,21,58.22,0.13,1063.68
2024-11-30,Pizza,North,Regular,11,79.16,0.22,679.19
2024-11-04,Sushi,North,Regular,6,39.2,0.16,197.57
2024-02-23,Sushi,South,Regular,1,66.41,0.15,56.45
2024-07-16,Burgers,East,New,17,49.31,0.15,712.53
2024-11-24,Salads,North,Regular,10,65.54,0.19,530.87
2024-02-17,Burgers,West,Regular,18,72.04,0.08,1192.98
2024-11-28,Pizza,South,Regular,14,60.79,0.07,791.49
2024-01-04,Burgers,West,New,12,27.16,0.26,241.18
2024-11-13,Sushi,South,Regular,8,52.87,0.07,393.35
2024-04-13,Burgers,South,Regular,28,45.23,0.2,1013.15
2024-07-16,Salads,North,New,3,85.59,0.01,254.2
2024-10-27,Burgers,East,Regular,12,19.6,0.28,169.34
2024-09-28,Pizza,South,Regular,13,30.77,0.19,324.01
2024-12-18,Sushi,West,New,6,65.17,0.22,305.0
2024-05-30,Pizza,North,Regular,5,62.48,0.19,253.04
2024-11-29,Salads,South,Regular,2,28.71,0.28,41.34
2024-12-06,Sushi,West,Regular,24,83.6,0.16,1685.38
2024-08-21,Pizza,East,Regular,5,70.06,0.06,329.28
2024-12-01,Pizza,South,New,4,70.1,0.28,201.89
2024-02-04,Sushi,South,New,21,66.91,0.13,1222.45
2024-01-01,Burgers,North,New,20,49.08,0.06,922.7
2024-01-07,Pizza,North,New,3,9.66,0.2,23.18
2024-05-21,Sushi,North,Regular,17,11.88,0.26,149.45
2024-11-08,Pizza,East,Regular,25,49.08,0.08,1128.84
2024-08-17,Salads,North,Regular,6,33.7,0.23,155.69
2024-02-16,Burgers,East,New,23,38.62,0.06,834.96
2024-11-11,Burgers,East,New,1,26.41,0.27,19.28
2024-12-14,Pizza,North,Regular,8,92.8,0.03,720.13
2024-08-21,Pizza,North,New,29,76.72,0.17,1846.65
2024-01-19,Salads,North,New,19,62.63,0.11,1059.07
2024-01-10,Burgers,North,Regular,3,11.61,0.24,26.47
2024-08-11,Sushi,South,Regular,25,69.29,0.19,1403.12
2024-10-08,Pizza,North,Regular,20,74.03,0.23,1140.06
2024-03-04,Sushi,North,Regular,23,46.65,0.27,783.25
2024-10-09,Burgers,North,Regular,4,78.41,0.15,266.59
2024-07-07,Pizza,West,New,23,60.48,0.2,1112.83
2024-06-19,Burgers,South,Regular,27,90.56,0.13,2127.25
2024-08-31,Pizza,North,New,3,54.97,0.27,120.38
